<?xml version="1.0" encoding="UTF-8" ?> 
<!DOCTYPE generatorConfiguration PUBLIC "-//mybatis.org//DTD MyBatis Generator Configuration 1.0//EN" "http://mybatis.org/dtd/mybatis-generator-config_1_0.dtd" > 
<generatorConfiguration> 

	<!-- 引入配置文件 --> 
	<!-- 指定数据连接驱动jar地址 --> 
	<classPathEntry location="D:\MavenRepository\mysql\mysql-connector-java\5.1.38\mysql-connector-java-5.1.38.jar" /> 
	
	<context id="DB2Tables"  targetRuntime="MyBatis3">
	    <!-- 设置编码为UTF-8 -->
	    <property name="javaFileEncoding" value="UTF-8"/>
	    <!--配置生成注释，默认注释已经修改 -->
	    <property name="suppressAllComments" value="false"/>
         <!--数据库链接URL，用户名、密码 -->   
        <jdbcConnection driverClass="com.mysql.jdbc.Driver" connectionURL="jdbc:mysql://localhost:3306/test" userId="root" password="root">  
        </jdbcConnection>  
        <javaTypeResolver>  
            <property name="forceBigDecimals" value="false"/>  
        </javaTypeResolver>  
        <!-- 生成模型的包名和位置-->  
        <javaModelGenerator targetPackage="com.fendo.test" targetProject="src/main/java">  
            <property name="enableSubPackages" value="true"/>  
            <property name="trimStrings" value="true"/>  
        </javaModelGenerator>  
        <!-- 生成映射文件的包名和位置-->  
        <sqlMapGenerator targetPackage="com.fendo.test" targetProject="src/main/java">  
            <property name="enableSubPackages" value="true"/>  
        </sqlMapGenerator>  
        <!-- 生成DAO的包名和位置-->  
        <javaClientGenerator type="XMLMAPPER" targetPackage="com.fendo.test" targetProject="src/main/java">  
            <property name="enableSubPackages" value="true"/>  
        </javaClientGenerator>  
        <!-- 要生成的表 tableName是数据库中的表名或视图名 domainObjectName是实体类名-->  
        <table tableName="test" domainObjectName="Test" enableCountByExample="false" enableUpdateByExample="false" enableDeleteByExample="false" enableSelectByExample="false" selectByExampleQueryId="false"></table>
    </context>  
</generatorConfiguration>
