<?xml version="1.0" encoding="UTF-8"?>
<!DOCTYPE mapper PUBLIC "-//mybatis.org//DTD Mapper 3.0//EN" "http://mybatis.org/dtd/mybatis-3-mapper.dtd">
<mapper namespace="mapper.TUserDao">
    <resultMap id="BaseResultMap" type="pojo.TUser">
        <id column="id" jdbcType="VARCHAR" property="id" />

        <result column="name" jdbcType="VARCHAR" property="name" />

        <result column="password" jdbcType="VARCHAR" property="password" />

        <result column="idcard" jdbcType="VARCHAR" property="idcard" />

        <result column="email" jdbcType="VARCHAR" property="email" />

        <result column="addres" jdbcType="VARCHAR" property="addres" />

        <result column="mobile" jdbcType="VARCHAR" property="mobile" />

        <result column="highbloodpressure" jdbcType="DOUBLE" property="highbloodpressure" />

        <result column="lowbloodpressure" jdbcType="DOUBLE" property="lowbloodpressure" />

        <result column="idcardnum" jdbcType="INTEGER" property="idcardnum" />

        <result column="createtime" jdbcType="DATE" property="createtime" />

    </resultMap>

    <sql id="Base_Column_List">
        id, name, password, idcard, email, addres, mobile, highbloodpressure, lowbloodpressure, 

        idcardnum, createtime

    </sql>

    <select id="selectByPrimaryKey" parameterType="java.lang.String" resultMap="BaseResultMap">
        select 

        <include refid="Base_Column_List" />

        from t_user

        where id = #{id,jdbcType=VARCHAR}

    </select>

    <delete id="deleteByPrimaryKey" parameterType="java.lang.String">
        delete from t_user

        where id = #{id,jdbcType=VARCHAR}

    </delete>

    <insert id="insertSelective" parameterType="pojo.TUser">
        insert into t_user

        <trim prefix="(" suffix=")" suffixOverrides=",">
            <if test="id != null">
                id,
            </if>
            <if test="name != null">
                name,
            </if>
            <if test="password != null">
                password,
            </if>
            <if test="idcard != null">
                idcard,
            </if>
            <if test="email != null">
                email,
            </if>
            <if test="addres != null">
                addres,
            </if>
            <if test="mobile != null">
                mobile,
            </if>
            <if test="highbloodpressure != null">
                highbloodpressure,
            </if>
            <if test="lowbloodpressure != null">
                lowbloodpressure,
            </if>
            <if test="idcardnum != null">
                idcardnum,
            </if>
            <if test="createtime != null">
                createtime,
            </if>
        </trim>

        <trim prefix="values (" suffix=")" suffixOverrides=",">
            <if test="id != null">
                #{id,jdbcType=VARCHAR},
            </if>
            <if test="name != null">
                #{name,jdbcType=VARCHAR},
            </if>
            <if test="password != null">
                #{password,jdbcType=VARCHAR},
            </if>
            <if test="idcard != null">
                #{idcard,jdbcType=VARCHAR},
            </if>
            <if test="email != null">
                #{email,jdbcType=VARCHAR},
            </if>
            <if test="addres != null">
                #{addres,jdbcType=VARCHAR},
            </if>
            <if test="mobile != null">
                #{mobile,jdbcType=VARCHAR},
            </if>
            <if test="highbloodpressure != null">
                #{highbloodpressure,jdbcType=DOUBLE},
            </if>
            <if test="lowbloodpressure != null">
                #{lowbloodpressure,jdbcType=DOUBLE},
            </if>
            <if test="idcardnum != null">
                #{idcardnum,jdbcType=INTEGER},
            </if>
            <if test="createtime != null">
                #{createtime,jdbcType=DATE},
            </if>
        </trim>

    </insert>

    <update id="updateByPrimaryKeySelective" parameterType="pojo.TUser">
        update t_user

        <set>
            <if test="name != null">
                name = #{name,jdbcType=VARCHAR},
            </if>
            <if test="password != null">
                password = #{password,jdbcType=VARCHAR},
            </if>
            <if test="idcard != null">
                idcard = #{idcard,jdbcType=VARCHAR},
            </if>
            <if test="email != null">
                email = #{email,jdbcType=VARCHAR},
            </if>
            <if test="addres != null">
                addres = #{addres,jdbcType=VARCHAR},
            </if>
            <if test="mobile != null">
                mobile = #{mobile,jdbcType=VARCHAR},
            </if>
            <if test="highbloodpressure != null">
                highbloodpressure = #{highbloodpressure,jdbcType=DOUBLE},
            </if>
            <if test="lowbloodpressure != null">
                lowbloodpressure = #{lowbloodpressure,jdbcType=DOUBLE},
            </if>
            <if test="idcardnum != null">
                idcardnum = #{idcardnum,jdbcType=INTEGER},
            </if>
            <if test="createtime != null">
                createtime = #{createtime,jdbcType=DATE},
            </if>
        </set>

        where id = #{id,jdbcType=VARCHAR}

    </update>

</mapper>