<?xml version="1.0" encoding="UTF-8"?>
<!DOCTYPE generatorConfiguration
  PUBLIC "-//mybatis.org//DTD MyBatis Generator Configuration 1.0//EN"
  "http://mybatis.org/dtd/mybatis-generator-config_1_0.dtd">

<generatorConfiguration>
	
	<!--驱动文件可以省去,因为源码里面已经引入了-->
  	<context id="MySQLTables" targetRuntime="MyBatis3">
  
        <commentGenerator>
		    <property name="javaFileEncoding" value="UTF-8"/>
            <property name="suppressDate" value="true"/>  
            <!-- 是否去除自动生成的注释 true：是 ： false:否 -->  
            <property name="suppressAllComments" value="false"/>  
        </commentGenerator> 
		
	    <jdbcConnection driverClass="com.mysql.jdbc.Driver"
	        connectionURL="jdbc:mysql://localhost:3306/test?useUnicode=true&amp;characterEncoding=UTF-8&amp;useSSL=true"
	        userId="root"
	        password="root">
	    </jdbcConnection>
	
	    <javaTypeResolver>
			<property name="forceBigDecimals" value="false" />
	    </javaTypeResolver>
	
	    <javaModelGenerator targetPackage="pojo" targetProject="src/main/java">
			<property name="enableSubPackages" value="true" />
			<property name="trimStrings" value="true" />
	    </javaModelGenerator>
	
	    <sqlMapGenerator targetPackage="mapper"  targetProject="src/main/java">
			<property name="enableSubPackages" value="true" />
	    </sqlMapGenerator>
	    
		
		<javaClientGenerator type="XMLMAPPER" targetPackage="mapper" targetProject="src/main/java"> 
			<property name="enableSubPackages" value="true" /> 
		</javaClientGenerator> 
		
		 <table tableName="t_user" 
			enableCountByExample="false" enableUpdateByExample="false"  
		    enableDeleteByExample="false" enableSelectByExample="false"  
		    selectByExampleQueryId="false" >
	    </table>
	    
  	</context>
</generatorConfiguration>